phi,theta,relBn
1.4062500000000000e+00,0.0000000000000000e+00,-1.2539002810850342e-03
1.4062500000000000e+00,1.1250000000000000e+01,1.1058266292252922e-02
1.4062500000000000e+00,2.2500000000000000e+01,2.3440171889654776e-02
1.4062500000000000e+00,3.3750000000000000e+01,3.4979031022757581e-02
1.4062500000000000e+00,4.5000000000000000e+01,4.3570342725805150e-02
1.4062500000000000e+00,5.6250000000000000e+01,4.4949889227926393e-02
1.4062500000000000e+00,6.7500000000000000e+01,2.9900677803804898e-02
1.4062500000000000e+00,7.8750000000000000e+01,-2.5024596970686465e-02
1.4062500000000000e+00,9.0000000000000000e+01,-1.7056703550507188e-01
1.4062500000000000e+00,1.0125000000000000e+02,-2.9947616129440913e-01
1.4062500000000000e+00,1.1250000000000000e+02,-2.8056293551616640e-01
1.4062500000000000e+00,1.2375000000000000e+02,-2.4022730853852714e-01
1.4062500000000000e+00,1.3500000000000000e+02,-1.9954799344907659e-01
1.4062500000000000e+00,1.4625000000000000e+02,-1.5691068173835168e-01
1.4062500000000000e+00,1.5750000000000000e+02,-1.1120452884501990e-01
1.4062500000000000e+00,1.6875000000000000e+02,-6.2586452266257697e-02
1.4062500000000000e+00,1.8000000000000000e+02,-1.2105987018298065e-02
1.4062500000000000e+00,1.9125000000000000e+02,3.8653248930071910e-02
1.4062500000000000e+00,2.0250000000000000e+02,8.8061304060367870e-02
1.4062500000000000e+00,2.1375000000000000e+02,1.3495736113654636e-01
1.4062500000000000e+00,2.2500000000000000e+02,1.7906117635535329e-01
1.4062500000000000e+00,2.3625000000000000e+02,2.2142742557192721e-01
1.4062500000000000e+00,2.4750000000000000e+02,2.6448216478511466e-01
1.4062500000000000e+00,2.5875000000000000e+02,2.9796228046334200e-01
1.4062500000000000e+00,2.7000000000000000e+02,2.0647014391070712e-01
1.4062500000000000e+00,2.8125000000000000e+02,4.8290767304119700e-02
1.4062500000000000e+00,2.9250000000000000e+02,-1.7854683894579639e-02
1.4062500000000000e+00,3.0375000000000000e+02,-3.8430381045046508e-02
1.4062500000000000e+00,3.1500000000000000e+02,-4.0472434269995125e-02
1.4062500000000000e+00,3.2625000000000000e+02,-3.4315072096393034e-02
1.4062500000000000e+00,3.3750000000000000e+02,-2.4514050989831504e-02
1.4062500000000000e+00,3.4875000000000000e+02,-1.3202554681384664e-02
4.2187500000000000e+00,0.0000000000000000e+00,2.4220950495806438e-03
4.2187500000000000e+00,1.1250000000000000e+01,1.5565473337746898e-02
4.2187500000000000e+00,2.2500000000000000e+01,2.9077539283839271e-02
4.2187500000000000e+00,3.3750000000000000e+01,4.1983149232634319e-02
4.2187500000000000e+00,4.5000000000000000e+01,5.2241297269711738e-02
4.2187500000000000e+00,5.6250000000000000e+01,5.5874140828594258e-02
4.2187500000000000e+00,6.7500000000000000e+01,4.4574978646129519e-02
4.2187500000000000e+00,7.8750000000000000e+01,-2.1610307401484364e-03
4.2187500000000000e+00,9.0000000000000000e+01,-1.3431070001098805e-01
4.2187500000000000e+00,1.0125000000000000e+02,-2.9601427832654337e-01
4.2187500000000000e+00,1.1250000000000000e+02,-2.9778615384358198e-01
4.2187500000000000e+00,1.2375000000000000e+02,-2.6053215984464112e-01
4.2187500000000000e+00,1.3500000000000000e+02,-2.2121794052282798e-01
4.2187500000000000e+00,1.4625000000000000e+02,-1.7973653979728352e-01
4.2187500000000000e+00,1.5750000000000000e+02,-1.3493372803468875e-01
4.2187500000000000e+00,1.6875000000000000e+02,-8.6833214229832506e-02
4.2187500000000000e+00,1.8000000000000000e+02,-3.6397071553630089e-02
4.2187500000000000e+00,1.9125000000000000e+02,1.4795749802149753e-02
4.2187500000000000e+00,2.0250000000000000e+02,6.5028987491670048e-02
4.2187500000000000e+00,2.1375000000000000e+02,1.1300416278402725e-01
4.2187500000000000e+00,2.2500000000000000e+02,1.5830845529513227e-01
4.2187500000000000e+00,2.3625000000000000e+02,2.0193311485006962e-01
4.2187500000000000e+00,2.4750000000000000e+02,2.4682702588050012e-01
4.2187500000000000e+00,2.5875000000000000e+02,2.9030051986656547e-01
4.2187500000000000e+00,2.7000000000000000e+02,2.4030771650238025e-01
4.2187500000000000e+00,2.8125000000000000e+02,7.7325117668640087e-02
4.2187500000000000e+00,2.9250000000000000e+02,-1.5182130001067415e-03
4.2187500000000000e+00,3.0375000000000000e+02,-2.8354551432186782e-02
4.2187500000000000e+00,3.1500000000000000e+02,-3.3895270928428631e-02
4.2187500000000000e+00,3.2625000000000000e+02,-2.9779471700214839e-02
4.2187500000000000e+00,3.3750000000000000e+02,-2.1002960667652507e-02
4.2187500000000000e+00,3.4875000000000000e+02,-9.9176194360001690e-03
7.0312500000000000e+00,0.0000000000000000e+00,1.6400719830218964e-02
7.0312500000000000e+00,1.1250000000000000e+01,2.9575939560237081e-02
7.0312500000000000e+00,2.2500000000000000e+01,4.3006991509664957e-02
7.0312500000000000e+00,3.3750000000000000e+01,5.5867242007869848e-02
7.0312500000000000e+00,4.5000000000000000e+01,6.6399799911579738e-02
7.0312500000000000e+00,5.6250000000000000e+01,7.1019398698143568e-02
7.0312500000000000e+00,6.7500000000000000e+01,6.2189554197322881e-02
7.0312500000000000e+00,7.8750000000000000e+01,2.1720710317756665e-02
7.0312500000000000e+00,9.0000000000000000e+01,-9.7303892472635226e-02
7.0312500000000000e+00,1.0125000000000000e+02,-2.8424522592267676e-01
7.0312500000000000e+00,1.1250000000000000e+02,-3.1487007867473832e-01
7.0312500000000000e+00,1.2375000000000000e+02,-2.8178255203682834e-01
7.0312500000000000e+00,1.3500000000000000e+02,-2.4346426514709041e-01
7.0312500000000000e+00,1.4625000000000000e+02,-2.0272526085462450e-01
7.0312500000000000e+00,1.5750000000000000e+02,-1.5854106347370461e-01
7.0312500000000000e+00,1.6875000000000000e+02,-1.1083351499009460e-01
7.0312500000000000e+00,1.8000000000000000e+02,-6.0501241804736851e-02
7.0312500000000000e+00,1.9125000000000000e+02,-9.1283923599739004e-03
7.0312500000000000e+00,2.0250000000000000e+02,4.1493474628289756e-02
7.0312500000000000e+00,2.1375000000000000e+02,8.9942655220465240e-02
7.0312500000000000e+00,2.2500000000000000e+02,1.3566305320437161e-01
7.0312500000000000e+00,2.3625000000000000e+02,1.7951235482337510e-01
7.0312500000000000e+00,2.4750000000000000e+02,2.2466286851136785e-01
7.0312500000000000e+00,2.5875000000000000e+02,2.7353379163873065e-01
7.0312500000000000e+00,2.7000000000000000e+02,2.6427097220469103e-01
7.0312500000000000e+00,2.8125000000000000e+02,1.1279688820281514e-01
7.0312500000000000e+00,2.9250000000000000e+02,2.2868634311723632e-02
7.0312500000000000e+00,3.0375000000000000e+02,-9.5863942343087059e-03
7.0312500000000000e+00,3.1500000000000000e+02,-1.7972369145304340e-02
7.0312500000000000e+00,3.2625000000000000e+02,-1.5277313771175829e-02
7.0312500000000000e+00,3.3750000000000000e+02,-7.0535838686457261e-03
7.0312500000000000e+00,3.4875000000000000e+02,3.9659856430556669e-03
9.8437500000000000e+00,0.0000000000000000e+00,3.0837799283577275e-02
9.8437500000000000e+00,1.1250000000000000e+01,4.2920510940880535e-02
9.8437500000000000e+00,2.2500000000000000e+01,5.5269167817102456e-02
9.8437500000000000e+00,3.3750000000000000e+01,6.7360166313671255e-02
9.8437500000000000e+00,4.5000000000000000e+01,7.7806669929550154e-02
9.8437500000000000e+00,5.6250000000000000e+01,8.3413336279726358e-02
9.8437500000000000e+00,6.7500000000000000e+01,7.7280386574825749e-02
9.8437500000000000e+00,7.8750000000000000e+01,4.3133039903604217e-02
9.8437500000000000e+00,9.0000000000000000e+01,-6.1600260243177975e-02
9.8437500000000000e+00,1.0125000000000000e+02,-2.6092802629832551e-01
9.8437500000000000e+00,1.1250000000000000e+02,-3.2788166648813055e-01
9.8437500000000000e+00,1.2375000000000000e+02,-3.0153280160309531e-01
9.8437500000000000e+00,1.3500000000000000e+02,-2.6445540769659809e-01
9.8437500000000000e+00,1.4625000000000000e+02,-2.2438785654418933e-01
9.8437500000000000e+00,1.5750000000000000e+02,-1.8080459145550135e-01
9.8437500000000000e+00,1.6875000000000000e+02,-1.3363251321621381e-01
9.8437500000000000e+00,1.8000000000000000e+02,-8.3742437490394506e-02
9.8437500000000000e+00,1.9125000000000000e+02,-3.2701800202076754e-02
9.8437500000000000e+00,2.0250000000000000e+02,1.7690627876617942e-02
9.8437500000000000e+00,2.1375000000000000e+02,6.5964275366777889e-02
9.8437500000000000e+00,2.2500000000000000e+02,1.1145511386534790e-01
9.8437500000000000e+00,2.3625000000000000e+02,1.5482585774141730e-01
9.8437500000000000e+00,2.4750000000000000e+02,1.9909399075585990e-01
9.8437500000000000e+00,2.5875000000000000e+02,2.4928948064183942e-01
9.8437500000000000e+00,2.7000000000000000e+02,2.7133933660027415e-01
9.8437500000000000e+00,2.8125000000000000e+02,1.4749270726676048e-01
9.8437500000000000e+00,2.9250000000000000e+02,4.9400344163453944e-02
9.8437500000000000e+00,3.0375000000000000e+02,1.1965220670277854e-02
9.8437500000000000e+00,3.1500000000000000e+02,9.8665032910291457e-04
9.8437500000000000e+00,3.2625000000000000e+02,2.1242047779943996e-03
9.8437500000000000e+00,3.3750000000000000e+02,9.2734221692883645e-03
9.8437500000000000e+00,3.4875000000000000e+02,1.9376158623512198e-02
1.2656250000000000e+01,0.0000000000000000e+00,3.5370591328091019e-02
1.2656250000000000e+01,1.1250000000000000e+01,4.6430913781680419e-02
1.2656250000000000e+01,2.2500000000000000e+01,5.8231575312353678e-02
1.2656250000000000e+01,3.3750000000000000e+01,7.0443508191820034e-02
1.2656250000000000e+01,4.5000000000000000e+01,8.1881036732050799e-02
1.2656250000000000e+01,5.6250000000000000e+01,8.9572015528235280e-02
1.2656250000000000e+01,6.7500000000000000e+01,8.7103025113541691e-02
1.2656250000000000e+01,7.8750000000000000e+01,5.9897269309112329e-02
1.2656250000000000e+01,9.0000000000000000e+01,-2.9596847187811044e-02
1.2656250000000000e+01,1.0125000000000000e+02,-2.2699837144585466e-01
1.2656250000000000e+01,1.1250000000000000e+02,-3.3377802099062387e-01
1.2656250000000000e+01,1.2375000000000000e+02,-3.1804091815126212e-01
1.2656250000000000e+01,1.3500000000000000e+02,-2.8310711533147204e-01
1.2656250000000000e+01,1.4625000000000000e+02,-2.4406787426844426e-01
1.2656250000000000e+01,1.5750000000000000e+02,-2.0136615829420088e-01
1.2656250000000000e+01,1.6875000000000000e+02,-1.5505777100442247e-01
1.2656250000000000e+01,1.8000000000000000e+02,-1.0600273662308106e-01
1.2656250000000000e+01,1.9125000000000000e+02,-5.5703313270042978e-02
1.2656250000000000e+01,2.0250000000000000e+02,-5.8803579787209490e-03
1.2656250000000000e+01,2.1375000000000000e+02,4.2032320258742997e-02
1.2656250000000000e+01,2.2500000000000000e+02,8.7326877499976668e-02
1.2656250000000000e+01,2.3625000000000000e+02,1.3048699492486207e-01
1.2656250000000000e+01,2.4750000000000000e+02,1.7414517174811700e-01
1.2656250000000000e+01,2.5875000000000000e+02,2.2393268580129616e-01
1.2656250000000000e+01,2.7000000000000000e+02,2.6464164139292112e-01
1.2656250000000000e+01,2.8125000000000000e+02,1.7549603185069940e-01
1.2656250000000000e+01,2.9250000000000000e+02,7.0458265319502361e-02
1.2656250000000000e+01,3.0375000000000000e+02,2.7030964565885746e-02
1.2656250000000000e+01,3.1500000000000000e+02,1.2671922865494378e-02
1.2656250000000000e+01,3.2625000000000000e+02,1.1472359569940275e-02
1.2656250000000000e+01,3.3750000000000000e+02,1.6751183795492220e-02
1.2656250000000000e+01,3.4875000000000000e+02,2.5257095878977006e-02
1.5468750000000000e+01,0.0000000000000000e+00,3.2991239258464464e-02
1.5468750000000000e+01,1.1250000000000000e+01,4.3945360378144394e-02
1.5468750000000000e+01,2.2500000000000000e+01,5.6320956741363011e-02
1.5468750000000000e+01,3.3750000000000000e+01,6.9774365840750571e-02
1.5468750000000000e+01,4.5000000000000000e+01,8.3115663516074356e-02
1.5468750000000000e+01,5.6250000000000000e+01,9.3447234803595958e-02
1.5468750000000000e+01,6.7500000000000000e+01,9.4759847416463608e-02
1.5468750000000000e+01,7.8750000000000000e+01,7.4054469192017525e-02
1.5468750000000000e+01,9.0000000000000000e+01,-1.1242405226764736e-03
1.5468750000000000e+01,1.0125000000000000e+02,-1.8616542354315935e-01
1.5468750000000000e+01,1.1250000000000000e+02,-3.3138542285975336e-01
1.5468750000000000e+01,1.2375000000000000e+02,-3.3112496131154423e-01
1.5468750000000000e+01,1.3500000000000000e+02,-2.9961359655608788e-01
1.5468750000000000e+01,1.4625000000000000e+02,-2.6220145183525151e-01
1.5468750000000000e+01,1.5750000000000000e+02,-2.2084102092053953e-01
1.5468750000000000e+01,1.6875000000000000e+02,-1.7580045300959327e-01
1.5468750000000000e+01,1.8000000000000000e+02,-1.2790847657333626e-01
1.5468750000000000e+01,1.9125000000000000e+02,-7.8547469671781736e-02
1.5468750000000000e+01,2.0250000000000000e+02,-2.9305212791683341e-02
1.5468750000000000e+01,2.1375000000000000e+02,1.8459194248712941e-02
1.5468750000000000e+01,2.2500000000000000e+02,6.4022205300029250e-02
1.5468750000000000e+01,2.3625000000000000e+02,1.0773547940600903e-01
1.5468750000000000e+01,2.4750000000000000e+02,1.5187326929001602e-01
1.5468750000000000e+01,2.5875000000000000e+02,2.0184807115773737e-01
1.5468750000000000e+01,2.7000000000000000e+02,2.5328312099875455e-01
1.5468750000000000e+01,2.8125000000000000e+02,2.0037842973769893e-01
1.5468750000000000e+01,2.9250000000000000e+02,8.8997296324372532e-02
1.5468750000000000e+01,3.0375000000000000e+02,3.7022328185801284e-02
1.5468750000000000e+01,3.1500000000000000e+02,1.7817079410600813e-02
1.5468750000000000e+01,3.2625000000000000e+02,1.3507189996407411e-02
1.5468750000000000e+01,3.3750000000000000e+02,1.6621207650094505e-02
1.5468750000000000e+01,3.4875000000000000e+02,2.3667746393866471e-02
1.8281250000000000e+01,0.0000000000000000e+00,3.5347653438463807e-02
1.8281250000000000e+01,1.1250000000000000e+01,4.6370578670707187e-02
1.8281250000000000e+01,2.2500000000000000e+01,5.9249886142975799e-02
1.8281250000000000e+01,3.3750000000000000e+01,7.3562680155592419e-02
1.8281250000000000e+01,4.5000000000000000e+01,8.8109694454204204e-02
1.8281250000000000e+01,5.6250000000000000e+01,1.0012145248938926e-01
1.8281250000000000e+01,6.7500000000000000e+01,1.0404353541950051e-01
1.8281250000000000e+01,7.8750000000000000e+01,8.8346043906650906e-02
1.8281250000000000e+01,9.0000000000000000e+01,2.5247301113937439e-02
1.8281250000000000e+01,1.0125000000000000e+02,-1.4212348603448219e-01
1.8281250000000000e+01,1.1250000000000000e+02,-3.2008483956622102e-01
1.8281250000000000e+01,1.2375000000000000e+02,-3.4114585289138394e-01
1.8281250000000000e+01,1.3500000000000000e+02,-3.1459126093053225e-01
1.8281250000000000e+01,1.4625000000000000e+02,-2.7940917459443876e-01
1.8281250000000000e+01,1.5750000000000000e+02,-2.3981411656520171e-01
1.8281250000000000e+01,1.6875000000000000e+02,-1.9636699635743293e-01
1.8281250000000000e+01,1.8000000000000000e+02,-1.4984546227197376e-01
1.8281250000000000e+01,1.9125000000000000e+02,-1.0149501193214305e-01
1.8281250000000000e+01,2.0250000000000000e+02,-5.2777053532894858e-02
1.8281250000000000e+01,2.1375000000000000e+02,-5.0019557156505603e-03
1.8281250000000000e+01,2.2500000000000000e+02,4.1057678431654081e-02
1.8281250000000000e+01,2.3625000000000000e+02,8.5613762708819929e-02
1.8281250000000000e+01,2.4750000000000000e+02,1.3067521467002030e-01
1.8281250000000000e+01,2.5875000000000000e+02,1.8146021100766949e-01
1.8281250000000000e+01,2.7000000000000000e+02,2.4031418646494243e-01
1.8281250000000000e+01,2.8125000000000000e+02,2.2642420410774131e-01
1.8281250000000000e+01,2.9250000000000000e+02,1.1514680315168072e-01
1.8281250000000000e+01,3.0375000000000000e+02,5.2851709750711844e-02
1.8281250000000000e+01,3.1500000000000000e+02,2.7633822300119536e-02
1.8281250000000000e+01,3.2625000000000000e+02,1.9753350418746190e-02
1.8281250000000000e+01,3.3750000000000000e+02,2.0691791312042237e-02
1.8281250000000000e+01,3.4875000000000000e+02,2.6518459065404759e-02
2.1093750000000000e+01,0.0000000000000000e+00,4.7156576995251137e-02
2.1093750000000000e+01,1.1250000000000000e+01,5.7216687875676693e-02
2.1093750000000000e+01,2.2500000000000000e+01,6.9218944906705562e-02
2.1093750000000000e+01,3.3750000000000000e+01,8.2794239796206440e-02
2.1093750000000000e+01,4.5000000000000000e+01,9.6922308187908091e-02
2.1093750000000000e+01,5.6250000000000000e+01,1.0914747326930464e-01
2.1093750000000000e+01,6.7500000000000000e+01,1.1444480999841009e-01
2.1093750000000000e+01,7.8750000000000000e+01,1.0256607406940094e-01
2.1093750000000000e+01,9.0000000000000000e+01,4.9681089748015876e-02
2.1093750000000000e+01,1.0125000000000000e+02,-9.7892784170009114e-02
2.1093750000000000e+01,1.1250000000000000e+02,-2.9907502471157149e-01
2.1093750000000000e+01,1.2375000000000000e+02,-3.4799143903694507e-01
2.1093750000000000e+01,1.3500000000000000e+02,-3.2835702484233803e-01
2.1093750000000000e+01,1.4625000000000000e+02,-2.9589769275644084e-01
2.1093750000000000e+01,1.5750000000000000e+02,-2.5826926751817147e-01
2.1093750000000000e+01,1.6875000000000000e+02,-2.1650478002395090e-01
2.1093750000000000e+01,1.8000000000000000e+02,-1.7136376829709735e-01
2.1093750000000000e+01,1.9125000000000000e+02,-1.2399638287091505e-01
2.1093750000000000e+01,2.0250000000000000e+02,-7.5800306575368709e-02
2.1093750000000000e+01,2.1375000000000000e+02,-2.8099755616312200e-02
2.1093750000000000e+01,2.2500000000000000e+02,1.8230608791223041e-02
2.1093750000000000e+01,2.3625000000000000e+02,6.3213263791462346e-02
2.1093750000000000e+01,2.4750000000000000e+02,1.0856769452229015e-01
2.1093750000000000e+01,2.5875000000000000e+02,1.5928774669467241e-01
2.1093750000000000e+01,2.7000000000000000e+02,2.2198531787174194e-01
2.1093750000000000e+01,2.8125000000000000e+02,2.4599624208081819e-01
2.1093750000000000e+01,2.9250000000000000e+02,1.5005294515924714e-01
2.1093750000000000e+01,3.0375000000000000e+02,7.9043830044057267e-02
2.1093750000000000e+01,3.1500000000000000e+02,4.7893128611389023e-02
2.1093750000000000e+01,3.2625000000000000e+02,3.6452021571768148e-02
2.1093750000000000e+01,3.3750000000000000e+02,3.5134342375384285e-02
2.1093750000000000e+01,3.4875000000000000e+02,3.9450723125345040e-02
2.3906250000000000e+01,0.0000000000000000e+00,6.0159909318781658e-02
2.3906250000000000e+01,1.1250000000000000e+01,6.8384566933000962e-02
2.3906250000000000e+01,2.2500000000000000e+01,7.8612069003220139e-02
2.3906250000000000e+01,3.3750000000000000e+01,9.0670691394461211e-02
2.3906250000000000e+01,4.5000000000000000e+01,1.0384696245007423e-01
2.3906250000000000e+01,5.6250000000000000e+01,1.1605767958748239e-01
2.3906250000000000e+01,6.7500000000000000e+01,1.2275088147226793e-01
2.3906250000000000e+01,7.8750000000000000e+01,1.1469670373238945e-01
2.3906250000000000e+01,9.0000000000000000e+01,7.1270116503973871e-02
2.3906250000000000e+01,1.0125000000000000e+02,-5.5878728250792396e-02
2.3906250000000000e+01,1.1250000000000000e+02,-2.6800311965168228e-01
2.3906250000000000e+01,1.2375000000000000e+02,-3.5079608072426588e-01
2.3906250000000000e+01,1.3500000000000000e+02,-3.4079067349383724e-01
2.3906250000000000e+01,1.4625000000000000e+02,-3.1153371111963041e-01
2.3906250000000000e+01,1.5750000000000000e+02,-2.7586837911306039e-01
2.3906250000000000e+01,1.6875000000000000e+02,-2.3565918628654497e-01
2.3906250000000000e+01,1.8000000000000000e+02,-1.9175133209131465e-01
2.3906250000000000e+01,1.9125000000000000e+02,-1.4527298393340510e-01
2.3906250000000000e+01,2.0250000000000000e+02,-9.7625573150898093e-02
2.3906250000000000e+01,2.1375000000000000e+02,-5.0189468391260948e-02
2.3906250000000000e+01,2.2500000000000000e+02,-3.9503794371386200e-03
2.3906250000000000e+01,2.3625000000000000e+02,4.0921038941002796e-02
2.3906250000000000e+01,2.4750000000000000e+02,8.5782920689537565e-02
2.3906250000000000e+01,2.5875000000000000e+02,1.3505725877506664e-01
2.3906250000000000e+01,2.7000000000000000e+02,1.9695491396550577e-01
2.3906250000000000e+01,2.8125000000000000e+02,2.4726336870872700e-01
2.3906250000000000e+01,2.9250000000000000e+02,1.8142007296809420e-01
2.3906250000000000e+01,3.0375000000000000e+02,1.0622852494338070e-01
2.3906250000000000e+01,3.1500000000000000e+02,7.0156361652737670e-02
2.3906250000000000e+01,3.2625000000000000e+02,5.5520078512351911e-02
2.3906250000000000e+01,3.3750000000000000e+02,5.1892599568028330e-02
2.3906250000000000e+01,3.4875000000000000e+02,5.4281361405243533e-02
2.6718750000000000e+01,0.0000000000000000e+00,6.4657084336855838e-02
2.6718750000000000e+01,1.1250000000000000e+01,7.1477108352403354e-02
2.6718750000000000e+01,2.2500000000000000e+01,8.0632191108696669e-02
2.6718750000000000e+01,3.3750000000000000e+01,9.2122351834203725e-02
2.6718750000000000e+01,4.5000000000000000e+01,1.0544989034979341e-01
2.6718750000000000e+01,5.6250000000000000e+01,1.1876010823272240e-01
2.6718750000000000e+01,6.7500000000000000e+01,1.2781104344087199e-01
2.6718750000000000e+01,7.8750000000000000e+01,1.2416929689915582e-01
2.6718750000000000e+01,9.0000000000000000e+01,8.9864590795971838e-02
2.6718750000000000e+01,1.0125000000000000e+02,-1.7381774894039609e-02
2.6718750000000000e+01,1.1250000000000000e+02,-2.2772834335113482e-01
2.6718750000000000e+01,1.2375000000000000e+02,-3.4795590446572766e-01
2.6718750000000000e+01,1.3500000000000000e+02,-3.5131146074473463e-01
2.6718750000000000e+01,1.4625000000000000e+02,-3.2597770555943756e-01
2.6718750000000000e+01,1.5750000000000000e+02,-2.9229567580567517e-01
2.6718750000000000e+01,1.6875000000000000e+02,-2.5352480217222295e-01
2.6718750000000000e+01,1.8000000000000000e+02,-2.1075866486685763e-01
2.6718750000000000e+01,1.9125000000000000e+02,-1.6517300774976298e-01
2.6718750000000000e+01,2.0250000000000000e+02,-1.1819849968885388e-01
2.6718750000000000e+01,2.1375000000000000e+02,-7.1253610092624417e-02
2.6718750000000000e+01,2.2500000000000000e+02,-2.5377863522929159e-02
2.6718750000000000e+01,2.3625000000000000e+02,1.9141234970583253e-02
2.6718750000000000e+01,2.4750000000000000e+02,6.3328825000589395e-02
2.6718750000000000e+01,2.5875000000000000e+02,1.1077504532849425e-01
2.6718750000000000e+01,2.7000000000000000e+02,1.6910644117092366e-01
2.6718750000000000e+01,2.8125000000000000e+02,2.3046253770307235e-01
2.6718750000000000e+01,2.9250000000000000e+02,1.9860272096375906e-01
2.6718750000000000e+01,3.0375000000000000e+02,1.2383230047618023e-01
2.6718750000000000e+01,3.1500000000000000e+02,8.3388001946877094e-02
2.6718750000000000e+01,3.2625000000000000e+02,6.5724468762131394e-02
2.6718750000000000e+01,3.3750000000000000e+02,5.9869659890701192e-02
2.6718750000000000e+01,3.4875000000000000e+02,6.0408314491568027e-02
2.9531250000000000e+01,0.0000000000000000e+00,6.2362296463535853e-02
2.9531250000000000e+01,1.1250000000000000e+01,6.8658911994677968e-02
2.9531250000000000e+01,2.2500000000000000e+01,7.7854256875447905e-02
2.9531250000000000e+01,3.3750000000000000e+01,8.9973365077306480e-02
2.9531250000000000e+01,4.5000000000000000e+01,1.0455562844896188e-01
2.9531250000000000e+01,5.6250000000000000e+01,1.1980429258537469e-01
2.9531250000000000e+01,6.7500000000000000e+01,1.3167401486353464e-01
2.9531250000000000e+01,7.8750000000000000e+01,1.3243458600441851e-01
2.9531250000000000e+01,9.0000000000000000e+01,1.0643168628438064e-01
2.9531250000000000e+01,1.0125000000000000e+02,1.7457546571123524e-02
2.9531250000000000e+01,1.1250000000000000e+02,-1.8045249785594936e-01
2.9531250000000000e+01,1.2375000000000000e+02,-3.3729267902435162e-01
2.9531250000000000e+01,1.3500000000000000e+02,-3.5887417797780802e-01
2.9531250000000000e+01,1.4625000000000000e+02,-3.3869082993609517e-01
2.9531250000000000e+01,1.5750000000000000e+02,-3.0727649085607917e-01
2.9531250000000000e+01,1.6875000000000000e+02,-2.7005538753344488e-01
2.9531250000000000e+01,1.8000000000000000e+02,-2.2857049118795145e-01
2.9531250000000000e+01,1.9125000000000000e+02,-1.8409795369408877e-01
2.9531250000000000e+01,2.0250000000000000e+02,-1.3808405561329085e-01
2.9531250000000000e+01,2.1375000000000000e+02,-9.1930783066433847e-02
2.9531250000000000e+01,2.2500000000000000e+02,-4.6656033638527959e-02
2.9531250000000000e+01,2.3625000000000000e+02,-2.5734658403887161e-03
2.9531250000000000e+01,2.4750000000000000e+02,4.1131356921012392e-02
2.9531250000000000e+01,2.5875000000000000e+02,8.7336650699494769e-02
2.9531250000000000e+01,2.7000000000000000e+02,1.4242140580609097e-01
2.9531250000000000e+01,2.8125000000000000e+02,2.0644298553501741e-01
2.9531250000000000e+01,2.9250000000000000e+02,2.0521746544593278e-01
2.9531250000000000e+01,3.0375000000000000e+02,1.3516435857247952e-01
2.9531250000000000e+01,3.1500000000000000e+02,8.9866090834168480e-02
2.9531250000000000e+01,3.2625000000000000e+02,6.8599305804770166e-02
2.9531250000000000e+01,3.3750000000000000e+02,6.0321721632983528e-02
2.9531250000000000e+01,3.4875000000000000e+02,5.9192299063925161e-02
3.2343750000000000e+01,0.0000000000000000e+00,6.3305640075893121e-02
3.2343750000000000e+01,1.1250000000000000e+01,6.8954176578130633e-02
3.2343750000000000e+01,2.2500000000000000e+01,7.8038609744180337e-02
3.2343750000000000e+01,3.3750000000000000e+01,9.0524159452778044e-02
3.2343750000000000e+01,4.5000000000000000e+01,1.0593526982162015e-01
3.2343750000000000e+01,5.6250000000000000e+01,1.2252237175468306e-01
3.2343750000000000e+01,6.7500000000000000e+01,1.3647092246322726e-01
3.2343750000000000e+01,7.8750000000000000e+01,1.4075037871980373e-01
3.2343750000000000e+01,9.0000000000000000e+01,1.2174688953453512e-01
3.2343750000000000e+01,1.0125000000000000e+02,4.8854296907863325e-02
3.2343750000000000e+01,1.1250000000000000e+02,-1.2937538966074860e-01
3.2343750000000000e+01,1.2375000000000000e+02,-3.1662201823235969e-01
3.2343750000000000e+01,1.3500000000000000e+02,-3.6220154530511406e-01
3.2343750000000000e+01,1.4625000000000000e+02,-3.4908880898788325e-01
3.2343750000000000e+01,1.5750000000000000e+02,-3.2057607510156144e-01
3.2343750000000000e+01,1.6875000000000000e+02,-2.8526641853666451e-01
3.2343750000000000e+01,1.8000000000000000e+02,-2.4538555386660485e-01
3.2343750000000000e+01,1.9125000000000000e+02,-2.0235198880637709e-01
3.2343750000000000e+01,2.0250000000000000e+02,-1.5760808936773293e-01
3.2343750000000000e+01,2.1375000000000000e+02,-1.1250327924162747e-01
3.2343750000000000e+01,2.2500000000000000e+02,-6.8003805393094946e-02
3.2343750000000000e+01,2.3625000000000000e+02,-2.4422351356502899e-02
3.2343750000000000e+01,2.4750000000000000e+02,1.8928617274486716e-02
3.2343750000000000e+01,2.5875000000000000e+02,6.4499261667535307e-02
3.2343750000000000e+01,2.7000000000000000e+02,1.1785881102449527e-01
3.2343750000000000e+01,2.8125000000000000e+02,1.8324968001185035e-01
3.2343750000000000e+01,2.9250000000000000e+02,2.1026373873660059e-01
3.2343750000000000e+01,3.0375000000000000e+02,1.5228103180488831e-01
3.2343750000000000e+01,3.1500000000000000e+02,1.0208641651707527e-01
3.2343750000000000e+01,3.2625000000000000e+02,7.6163431691469372e-02
3.2343750000000000e+01,3.3750000000000000e+02,6.4682289966999595e-02
3.2343750000000000e+01,3.4875000000000000e+02,6.1434182693183077e-02
3.5156250000000000e+01,0.0000000000000000e+00,7.2420059758618649e-02
3.5156250000000000e+01,1.1250000000000000e+01,7.6338764782344901e-02
3.5156250000000000e+01,2.2500000000000000e+01,8.4017091127440074e-02
3.5156250000000000e+01,3.3750000000000000e+01,9.5439462442615808e-02
3.5156250000000000e+01,4.5000000000000000e+01,1.1023650341752639e-01
3.5156250000000000e+01,5.6250000000000000e+01,1.2684254973187725e-01
3.5156250000000000e+01,6.7500000000000000e+01,1.4177141673233598e-01
3.5156250000000000e+01,7.8750000000000000e+01,1.4865225588687936e-01
3.5156250000000000e+01,9.0000000000000000e+01,1.3557505328360586e-01
3.5156250000000000e+01,1.0125000000000000e+02,7.6768037407634784e-02
3.5156250000000000e+01,1.1250000000000000e+02,-7.8001183006612587e-02
3.5156250000000000e+01,1.2375000000000000e+02,-2.8464156235446131e-01
3.5156250000000000e+01,1.3500000000000000e+02,-3.6010064139685866e-01
3.5156250000000000e+01,1.4625000000000000e+02,-3.5679755251928552e-01
3.5156250000000000e+01,1.5750000000000000e+02,-3.3211922162806273e-01
3.5156250000000000e+01,1.6875000000000000e+02,-2.9919600425474907e-01
3.5156250000000000e+01,1.8000000000000000e+02,-2.6123856926023326e-01
3.5156250000000000e+01,1.9125000000000000e+02,-2.1986149611774403e-01
3.5156250000000000e+01,2.0250000000000000e+02,-1.7650569972111446e-01
3.5156250000000000e+01,2.1375000000000000e+02,-1.3247483153705916e-01
3.5156250000000000e+01,2.2500000000000000e+02,-8.8708324689554099e-02
3.5156250000000000e+01,2.3625000000000000e+02,-4.5554819681687758e-02
3.5156250000000000e+01,2.4750000000000000e+02,-2.4719367062150774e-03
3.5156250000000000e+01,2.5875000000000000e+02,4.2665867121117390e-02
3.5156250000000000e+01,2.7000000000000000e+02,9.4948738120720189e-02
3.5156250000000000e+01,2.8125000000000000e+02,1.6113706744991219e-01
3.5156250000000000e+01,2.9250000000000000e+02,2.1249087506658867e-01
3.5156250000000000e+01,3.0375000000000000e+02,1.7710050652653442e-01
3.5156250000000000e+01,3.1500000000000000e+02,1.2485104371538923e-01
3.5156250000000000e+01,3.2625000000000000e+02,9.4106568988561928e-02
3.5156250000000000e+01,3.3750000000000000e+02,7.8815774312592055e-02
3.5156250000000000e+01,3.4875000000000000e+02,7.2720605367845415e-02
3.7968750000000000e+01,0.0000000000000000e+00,8.3374546273987174e-02
3.7968750000000000e+01,1.1250000000000000e+01,8.4984892339066476e-02
3.7968750000000000e+01,2.2500000000000000e+01,9.0530398725426758e-02
3.7968750000000000e+01,3.3750000000000000e+01,1.0014444265524472e-01
3.7968750000000000e+01,4.5000000000000000e+01,1.1369336090325020e-01
3.7968750000000000e+01,5.6250000000000000e+01,1.2988994758557065e-01
3.7968750000000000e+01,6.7500000000000000e+01,1.4557814583104953e-01
3.7968750000000000e+01,7.8750000000000000e+01,1.5491779439954742e-01
3.7968750000000000e+01,9.0000000000000000e+01,1.4735109475570343e-01
3.7968750000000000e+01,1.0125000000000000e+02,1.0112499068762661e-01
3.7968750000000000e+01,1.1250000000000000e+02,-2.9227767637181223e-02
3.7968750000000000e+01,1.2375000000000000e+02,-2.4163903555464164e-01
3.7968750000000000e+01,1.3500000000000000e+02,-3.5146528631478574e-01
3.7968750000000000e+01,1.4625000000000000e+02,-3.6164635365045483e-01
3.7968750000000000e+01,1.5750000000000000e+02,-3.4198508722848647e-01
3.7968750000000000e+01,1.6875000000000000e+02,-3.1190929228121694e-01
3.7968750000000000e+01,1.8000000000000000e+02,-2.7606842935619841e-01
3.7968750000000000e+01,1.9125000000000000e+02,-2.3637938953444348e-01
3.7968750000000000e+01,2.0250000000000000e+02,-1.9432341130954989e-01
3.7968750000000000e+01,2.1375000000000000e+02,-1.5120003170079133e-01
3.7968750000000000e+01,2.2500000000000000e+02,-1.0796864341825689e-01
3.7968750000000000e+01,2.3625000000000000e+02,-6.5058467672154285e-02
3.7968750000000000e+01,2.4750000000000000e+02,-2.2119897917024088e-02
3.7968750000000000e+01,2.5875000000000000e+02,2.2575280381408058e-02
3.7968750000000000e+01,2.7000000000000000e+02,7.3444714900797056e-02
3.7968750000000000e+01,2.8125000000000000e+02,1.3794292921538023e-01
3.7968750000000000e+01,2.9250000000000000e+02,2.0363481629418631e-01
3.7968750000000000e+01,3.0375000000000000e+02,1.9662347844738276e-01
3.7968750000000000e+01,3.1500000000000000e+02,1.4789116192051416e-01
3.7968750000000000e+01,3.2625000000000000e+02,1.1377380566749729e-01
3.7968750000000000e+01,3.3750000000000000e+02,9.5115710372159518e-02
3.7968750000000000e+01,3.4875000000000000e+02,8.6174119010357000e-02
4.0781250000000000e+01,0.0000000000000000e+00,8.7363595086376852e-02
4.0781250000000000e+01,1.1250000000000000e+01,8.7343358330310830e-02
4.0781250000000000e+01,2.2500000000000000e+01,9.1492839685464900e-02
4.0781250000000000e+01,3.3750000000000000e+01,1.0011229694974901e-01
4.0781250000000000e+01,4.5000000000000000e+01,1.1328069794084823e-01
4.0781250000000000e+01,5.6250000000000000e+01,1.2991613976745925e-01
4.0781250000000000e+01,6.7500000000000000e+01,1.4707252008573554e-01
4.0781250000000000e+01,7.8750000000000000e+01,1.5929976860507747e-01
4.0781250000000000e+01,9.0000000000000000e+01,1.5715172527190122e-01
4.0781250000000000e+01,1.0125000000000000e+02,1.2223448187012445e-01
4.0781250000000000e+01,1.1250000000000000e+02,1.5251739209678292e-02
4.0781250000000000e+01,1.2375000000000000e+02,-1.8965645109895893e-01
4.0781250000000000e+01,1.3500000000000000e+02,-3.3494810504188061e-01
4.0781250000000000e+01,1.4625000000000000e+02,-3.6330938181669947e-01
4.0781250000000000e+01,1.5750000000000000e+02,-3.5016902004317485e-01
4.0781250000000000e+01,1.6875000000000000e+02,-3.2339018443590939e-01
4.0781250000000000e+01,1.8000000000000000e+02,-2.8976350830750724e-01
4.0781250000000000e+01,1.9125000000000000e+02,-2.5170823981610052e-01
4.0781250000000000e+01,2.0250000000000000e+02,-2.1083537092396146e-01
4.0781250000000000e+01,2.1375000000000000e+02,-1.6850397889169313e-01
4.0781250000000000e+01,2.2500000000000000e+02,-1.2573855543395221e-01
4.0781250000000000e+01,2.3625000000000000e+02,-8.3067675073421693e-02
4.0781250000000000e+01,2.4750000000000000e+02,-4.0330658148163001e-02
4.0781250000000000e+01,2.5875000000000000e+02,3.7789524325592691e-03
4.0781250000000000e+01,2.7000000000000000e+02,5.2771290293840534e-02
4.0781250000000000e+01,2.8125000000000000e+02,1.1322197402435825e-01
4.0781250000000000e+01,2.9250000000000000e+02,1.8189182270374890e-01
4.0781250000000000e+01,3.0375000000000000e+02,1.9926303424578412e-01
4.0781250000000000e+01,3.1500000000000000e+02,1.5927960488961121e-01
4.0781250000000000e+01,3.2625000000000000e+02,1.2387067528878153e-01
4.0781250000000000e+01,3.3750000000000000e+02,1.0294543287090543e-01
4.0781250000000000e+01,3.4875000000000000e+02,9.1970163557477849e-02
4.3593750000000000e+01,0.0000000000000000e+00,8.4478416228147904e-02
4.3593750000000000e+01,1.1250000000000000e+01,8.3748936066256455e-02
4.3593750000000000e+01,2.2500000000000000e+01,8.7597135281837116e-02
4.3593750000000000e+01,3.3750000000000000e+01,9.6399512567635903e-02
4.3593750000000000e+01,4.5000000000000000e+01,1.1030536476234384e-01
4.3593750000000000e+01,5.6250000000000000e+01,1.2827877644837851e-01
4.3593750000000000e+01,6.7500000000000000e+01,1.4745949532104499e-01
4.3593750000000000e+01,7.8750000000000000e+01,1.6272664623394864e-01
4.3593750000000000e+01,9.0000000000000000e+01,1.6564107683124840e-01
4.3593750000000000e+01,1.0125000000000000e+02,1.4067326160884264e-01
4.3593750000000000e+01,1.1250000000000000e+02,5.4840630292254951e-02
4.3593750000000000e+01,1.2375000000000000e+02,-1.3212014025810545e-01
4.3593750000000000e+01,1.3500000000000000e+02,-3.0880407536657273e-01
4.3593750000000000e+01,1.4625000000000000e+02,-3.6093198682762495e-01
4.3593750000000000e+01,1.5750000000000000e+02,-3.5634964732435020e-01
4.3593750000000000e+01,1.6875000000000000e+02,-3.3343836644620445e-01
4.3593750000000000e+01,1.8000000000000000e+02,-3.0215758010542176e-01
4.3593750000000000e+01,1.9125000000000000e+02,-2.6574375612347423e-01
4.3593750000000000e+01,2.0250000000000000e+02,-2.2606606080001529e-01
4.3593750000000000e+01,2.1375000000000000e+02,-1.8461137545799577e-01
4.3593750000000000e+01,2.2500000000000000e+02,-1.4250264513071079e-01
4.3593750000000000e+01,2.3625000000000000e+02,-1.0036767375440533e-01
4.3593750000000000e+01,2.4750000000000000e+02,-5.8189488131476653e-02
4.3593750000000000e+01,2.5875000000000000e+02,-1.4981562358638409e-02
4.3593750000000000e+01,2.7000000000000000e+02,3.1971300985048023e-02
4.3593750000000000e+01,2.8125000000000000e+02,8.7921597279907684e-02
4.3593750000000000e+01,2.9250000000000000e+02,1.5366233868800244e-01
4.3593750000000000e+01,3.0375000000000000e+02,1.8764621730577738e-01
4.3593750000000000e+01,3.1500000000000000e+02,1.5990091070507614e-01
4.3593750000000000e+01,3.2625000000000000e+02,1.2498686432019583e-01
4.3593750000000000e+01,3.3750000000000000e+02,1.0253454710255439e-01
4.3593750000000000e+01,3.4875000000000000e+02,9.0152842070335221e-02
4.6406250000000000e+01,0.0000000000000000e+00,8.2765045779043200e-02
4.6406250000000000e+01,1.1250000000000000e+01,8.1241912428411403e-02
4.6406250000000000e+01,2.2500000000000000e+01,8.4797930134749108e-02
4.6406250000000000e+01,3.3750000000000000e+01,9.3798919221156005e-02
4.6406250000000000e+01,4.5000000000000000e+01,1.0836921369130154e-01
4.6406250000000000e+01,5.6250000000000000e+01,1.2745281002757011e-01
4.6406250000000000e+01,6.7500000000000000e+01,1.4826556790783937e-01
4.6406250000000000e+01,7.8750000000000000e+01,1.6603702300345657e-01
4.6406250000000000e+01,9.0000000000000000e+01,1.7326342826758742e-01
4.6406250000000000e+01,1.0125000000000000e+02,1.5682707240522409e-01
4.6406250000000000e+01,1.1250000000000000e+02,8.9509299187537777e-02
4.6406250000000000e+01,1.2375000000000000e+02,-7.3083534966145253e-02
4.6406250000000000e+01,1.3500000000000000e+02,-2.7138700512636699e-01
4.6406250000000000e+01,1.4625000000000000e+02,-3.5305934141993361e-01
4.6406250000000000e+01,1.5750000000000000e+02,-3.5988971120531016e-01
4.6406250000000000e+01,1.6875000000000000e+02,-3.4172102886514510e-01
4.6406250000000000e+01,1.8000000000000000e+02,-3.1307967996465025e-01
4.6406250000000000e+01,1.9125000000000000e+02,-2.7845671872211980e-01
4.6406250000000000e+01,2.0250000000000000e+02,-2.4012753537642731e-01
4.6406250000000000e+01,2.1375000000000000e+02,-1.9975826455063037e-01
4.6406250000000000e+01,2.2500000000000000e+02,-1.5858035522577008e-01
4.6406250000000000e+01,2.3625000000000000e+02,-1.1730981731517488e-01
4.6406250000000000e+01,2.4750000000000000e+02,-7.6032223377207955e-02
4.6406250000000000e+01,2.5875000000000000e+02,-3.3954733154101101e-02
4.6406250000000000e+01,2.7000000000000000e+02,1.1159455601831183e-02
4.6406250000000000e+01,2.8125000000000000e+02,6.3680873532196439e-02
4.6406250000000000e+01,2.9250000000000000e+02,1.2632593016614727e-01
4.6406250000000000e+01,3.0375000000000000e+02,1.7238762819130932e-01
4.6406250000000000e+01,3.1500000000000000e+02,1.6007808258735270e-01
4.6406250000000000e+01,3.2625000000000000e+02,1.2761341896804612e-01
4.6406250000000000e+01,3.3750000000000000e+02,1.0376081788888759e-01
4.6406250000000000e+01,3.4875000000000000e+02,8.9719401199003415e-02
4.9218750000000000e+01,0.0000000000000000e+00,8.7611830082477624e-02
4.9218750000000000e+01,1.1250000000000000e+01,8.4389050861923651e-02
4.9218750000000000e+01,2.2500000000000000e+01,8.6648345370246238e-02
4.9218750000000000e+01,3.3750000000000000e+01,9.4755954058984140e-02
4.9218750000000000e+01,4.5000000000000000e+01,1.0886651126008390e-01
4.9218750000000000e+01,5.6250000000000000e+01,1.2799494321384919e-01
4.9218750000000000e+01,6.7500000000000000e+01,1.4951973400494351e-01
4.9218750000000000e+01,7.8750000000000000e+01,1.6903521322203832e-01
4.9218750000000000e+01,9.0000000000000000e+01,1.7983103663916827e-01
4.9218750000000000e+01,1.0125000000000000e+02,1.7072760028135037e-01
4.9218750000000000e+01,1.1250000000000000e+02,1.1941430744914799e-01
4.9218750000000000e+01,1.2375000000000000e+02,-1.6289188578903609e-02
4.9218750000000000e+01,1.3500000000000000e+02,-2.2222581745960318e-01
4.9218750000000000e+01,1.4625000000000000e+02,-3.3782259613373250e-01
4.9218750000000000e+01,1.5750000000000000e+02,-3.5999359954988375e-01
4.9218750000000000e+01,1.6875000000000000e+02,-3.4791182999214071e-01
4.9218750000000000e+01,1.8000000000000000e+02,-3.2242947879984435e-01
4.9218750000000000e+01,1.9125000000000000e+02,-2.8987890273713862e-01
4.9218750000000000e+01,2.0250000000000000e+02,-2.5310739606176341e-01
4.9218750000000000e+01,2.1375000000000000e+02,-2.1399433432167653e-01
4.9218750000000000e+01,2.2500000000000000e+02,-1.7387139384400849e-01
4.9218750000000000e+01,2.3625000000000000e+02,-1.3352641091224182e-01
4.9218750000000000e+01,2.4750000000000000e+02,-9.3126239800225469e-02
4.9218750000000000e+01,2.5875000000000000e+02,-5.2008711839048087e-02
4.9218750000000000e+01,2.7000000000000000e+02,-8.2082918176969756e-03
4.9218750000000000e+01,2.8125000000000000e+02,4.2201756847434921e-02
4.9218750000000000e+01,2.9250000000000000e+02,1.0315426343733666e-01
4.9218750000000000e+01,3.0375000000000000e+02,1.5893237806274316e-01
4.9218750000000000e+01,3.1500000000000000e+02,1.6479725673027931e-01
4.9218750000000000e+01,3.2625000000000000e+02,1.3773226279259207e-01
4.9218750000000000e+01,3.3750000000000000e+02,1.1285983807712813e-01
4.9218750000000000e+01,3.4875000000000000e+02,9.6637134493241031e-02
5.2031250000000000e+01,0.0000000000000000e+00,9.5166637608396831e-02
5.2031250000000000e+01,1.1250000000000000e+01,8.9803759010857354e-02
5.2031250000000000e+01,2.2500000000000000e+01,9.0130257950929341e-02
5.2031250000000000e+01,3.3750000000000000e+01,9.6603684513998977e-02
5.2031250000000000e+01,4.5000000000000000e+01,1.0953201171717460e-01
5.2031250000000000e+01,5.6250000000000000e+01,1.2811810760334288e-01
5.2031250000000000e+01,6.7500000000000000e+01,1.4995158256106772e-01
5.2031250000000000e+01,7.8750000000000000e+01,1.7092869561940521e-01
5.2031250000000000e+01,9.0000000000000000e+01,1.8494356718361765e-01
5.2031250000000000e+01,1.0125000000000000e+02,1.8233796748272080e-01
5.2031250000000000e+01,1.1250000000000000e+02,1.4484670142512945e-01
5.2031250000000000e+01,1.2375000000000000e+02,3.5586443733611181e-02
5.2031250000000000e+01,1.3500000000000000e+02,-1.6303100869869963e-01
5.2031250000000000e+01,1.4625000000000000e+02,-3.1316706887285090e-01
5.2031250000000000e+01,1.5750000000000000e+02,-3.5577686904699474e-01
5.2031250000000000e+01,1.6875000000000000e+02,-3.5173957996092126e-01
5.2031250000000000e+01,1.8000000000000000e+02,-3.3017145908634260e-01
5.2031250000000000e+01,1.9125000000000000e+02,-3.0005305727252846e-01
5.2031250000000000e+01,2.0250000000000000e+02,-2.6502268443945010e-01
5.2031250000000000e+01,2.1375000000000000e+02,-2.2722235390349438e-01
5.2031250000000000e+01,2.2500000000000000e+02,-1.8809093885301725e-01
5.2031250000000000e+01,2.3625000000000000e+02,-1.4848991418224708e-01
5.2031250000000000e+01,2.4750000000000000e+02,-1.0867006962020102e-01
5.2031250000000000e+01,2.5875000000000000e+02,-6.8098585187350319e-02
5.2031250000000000e+01,2.7000000000000000e+02,-2.5062751145584056e-02
5.2031250000000000e+01,2.8125000000000000e+02,2.3932999572133903e-02
5.2031250000000000e+01,2.9250000000000000e+02,8.3243010469195064e-02
5.2031250000000000e+01,3.0375000000000000e+02,1.4465286686019369e-01
5.2031250000000000e+01,3.1500000000000000e+02,1.6769333891836372e-01
5.2031250000000000e+01,3.2625000000000000e+02,1.4908651941500861e-01
5.2031250000000000e+01,3.3750000000000000e+02,1.2453461215055418e-01
5.2031250000000000e+01,3.4875000000000000e+02,1.0642669497450560e-01
5.4843750000000000e+01,0.0000000000000000e+00,9.7569675269530781e-02
5.4843750000000000e+01,1.1250000000000000e+01,9.0744340254444944e-02
5.4843750000000000e+01,2.2500000000000000e+01,8.9729198491516046e-02
5.4843750000000000e+01,3.3750000000000000e+01,9.5138439286695589e-02
5.4843750000000000e+01,4.5000000000000000e+01,1.0746153181440946e-01
5.4843750000000000e+01,5.6250000000000000e+01,1.2606829365251321e-01
5.4843750000000000e+01,6.7500000000000000e+01,1.4868439595675123e-01
5.4843750000000000e+01,7.8750000000000000e+01,1.7140049377673494e-01
5.4843750000000000e+01,9.0000000000000000e+01,1.8858732674224038e-01
5.4843750000000000e+01,1.0125000000000000e+02,1.9184926872060939e-01
5.4843750000000000e+01,1.1250000000000000e+02,1.6626197911382776e-01
5.4843750000000000e+01,1.2375000000000000e+02,8.1175492192344711e-02
5.4843750000000000e+01,1.3500000000000000e+02,-9.7814957799223987e-02
5.4843750000000000e+01,1.4625000000000000e+02,-2.7713104604707833e-01
5.4843750000000000e+01,1.5750000000000000e+02,-3.4613627740855535e-01
5.4843750000000000e+01,1.6875000000000000e+02,-3.5288281251949277e-01
5.4843750000000000e+01,1.8000000000000000e+02,-3.3623643663566855e-01
5.4843750000000000e+01,1.9125000000000000e+02,-3.0895592847391340e-01
5.4843750000000000e+01,2.0250000000000000e+02,-2.7580828634405019e-01
5.4843750000000000e+01,2.1375000000000000e+02,-2.3930673468259858e-01
5.4843750000000000e+01,2.2500000000000000e+02,-2.0105319803933247e-01
5.4843750000000000e+01,2.3625000000000000e+02,-1.6202631089997246e-01
5.4843750000000000e+01,2.4750000000000000e+02,-1.2259410552265888e-01
5.4843750000000000e+01,2.5875000000000000e+02,-8.2378492188698527e-02
5.4843750000000000e+01,2.7000000000000000e+02,-3.9964080159328771e-02
5.4843750000000000e+01,2.8125000000000000e+02,7.5483348928992678e-03
5.4843750000000000e+01,2.9250000000000000e+02,6.4076944275378883e-02
5.4843750000000000e+01,3.0375000000000000e+02,1.2572305366624734e-01
5.4843750000000000e+01,3.1500000000000000e+02,1.6041455919477599e-01
5.4843750000000000e+01,3.2625000000000000e+02,1.5148511874410675e-01
5.4843750000000000e+01,3.3750000000000000e+02,1.2902804228948514e-01
5.4843750000000000e+01,3.4875000000000000e+02,1.1021067417369576e-01
5.7656250000000000e+01,0.0000000000000000e+00,9.2594666352647015e-02
5.7656250000000000e+01,1.1250000000000000e+01,8.5384315133000335e-02
5.7656250000000000e+01,2.2500000000000000e+01,8.4164878837099652e-02
5.7656250000000000e+01,3.3750000000000000e+01,8.9709382952855896e-02
5.7656250000000000e+01,4.5000000000000000e+01,1.0259340365729713e-01
5.7656250000000000e+01,5.6250000000000000e+01,1.2219996975783837e-01
5.7656250000000000e+01,6.7500000000000000e+01,1.4625224851227733e-01
5.7656250000000000e+01,7.8750000000000000e+01,1.7096704552516706e-01
5.7656250000000000e+01,9.0000000000000000e+01,1.9117347747561550e-01
5.7656250000000000e+01,1.0125000000000000e+02,1.9962131511175082e-01
5.7656250000000000e+01,1.1250000000000000e+02,1.8417404619566430e-01
5.7656250000000000e+01,1.2375000000000000e+02,1.2015727440401247e-01
5.7656250000000000e+01,1.3500000000000000e+02,-3.1806618785628051e-02
5.7656250000000000e+01,1.4625000000000000e+02,-2.2846842049544605e-01
5.7656250000000000e+01,1.5750000000000000e+02,-3.2953653447677667e-01
5.7656250000000000e+01,1.6875000000000000e+02,-3.5080102182806244e-01
5.7656250000000000e+01,1.8000000000000000e+02,-3.4042192991544939e-01
5.7656250000000000e+01,1.9125000000000000e+02,-3.1646454021184695e-01
5.7656250000000000e+01,2.0250000000000000e+02,-2.8535232276893574e-01
5.7656250000000000e+01,2.1375000000000000e+02,-2.5016294092938962e-01
5.7656250000000000e+01,2.2500000000000000e+02,-2.1276707435199710e-01
5.7656250000000000e+01,2.3625000000000000e+02,-1.7433455901545541e-01
5.7656250000000000e+01,2.4750000000000000e+02,-1.3539910714096084e-01
5.7656250000000000e+01,2.5875000000000000e+02,-9.5757518781956638e-02
5.7656250000000000e+01,2.7000000000000000e+02,-5.4286720979095399e-02
5.7656250000000000e+01,2.8125000000000000e+02,-8.6993523179614146e-03
5.7656250000000000e+01,2.9250000000000000e+02,4.4115255572594908e-02
5.7656250000000000e+01,3.0375000000000000e+02,1.0234681452303178e-01
5.7656250000000000e+01,3.1500000000000000e+02,1.4258799113954471e-01
5.7656250000000000e+01,3.2625000000000000e+02,1.4268611071189038e-01
5.7656250000000000e+01,3.3750000000000000e+02,1.2377881858757676e-01
5.7656250000000000e+01,3.4875000000000000e+02,1.0551722059557965e-01
6.0468750000000000e+01,0.0000000000000000e+00,8.5576333925976869e-02
6.0468750000000000e+01,1.1250000000000000e+01,7.8420808833936220e-02
6.0468750000000000e+01,2.2500000000000000e+01,7.7472098209844825e-02
6.0468750000000000e+01,3.3750000000000000e+01,8.3658657465195685e-02
6.0468750000000000e+01,4.5000000000000000e+01,9.7543279377834996e-02
6.0468750000000000e+01,5.6250000000000000e+01,1.1839642760570747e-01
6.0468750000000000e+01,6.7500000000000000e+01,1.4387124724343703e-01
6.0468750000000000e+01,7.8750000000000000e+01,1.7032277612514729e-01
6.0468750000000000e+01,9.0000000000000000e+01,1.9306686985913277e-01
6.0468750000000000e+01,1.0125000000000000e+02,2.0590308681729169e-01
6.0468750000000000e+01,1.1250000000000000e+02,1.9898854165138868e-01
6.0468750000000000e+01,1.2375000000000000e+02,1.5280648954941911e-01
6.0468750000000000e+01,1.3500000000000000e+02,3.0209778773264979e-02
6.0468750000000000e+01,1.4625000000000000e+02,-1.6775725750901097e-01
6.0468750000000000e+01,1.5750000000000000e+02,-3.0393565187217270e-01
6.0468750000000000e+01,1.6875000000000000e+02,-3.4461863516068708e-01
6.0468750000000000e+01,1.8000000000000000e+02,-3.4236535271996837e-01
6.0468750000000000e+01,1.9125000000000000e+02,-3.2239268653875147e-01
6.0468750000000000e+01,2.0250000000000000e+02,-2.9356425920592011e-01
6.0468750000000000e+01,2.1375000000000000e+02,-2.5980404368641935e-01
6.0468750000000000e+01,2.2500000000000000e+02,-2.2337984411140394e-01
6.0468750000000000e+01,2.3625000000000000e+02,-1.8571802752139926e-01
6.0468750000000000e+01,2.4750000000000000e+02,-1.4754406486312532e-01
6.0468750000000000e+01,2.5875000000000000e+02,-1.0882005232296535e-01
6.0468750000000000e+01,2.7000000000000000e+02,-6.8648251432053775e-02
6.0468750000000000e+01,2.8125000000000000e+02,-2.5187060738666164e-02
6.0468750000000000e+01,2.9250000000000000e+02,2.4031067041093385e-02
6.0468750000000000e+01,3.0375000000000000e+02,7.8280440128287526e-02
6.0468750000000000e+01,3.1500000000000000e+02,1.2101210500559577e-01
6.0468750000000000e+01,3.2625000000000000e+02,1.2937609451650228e-01
6.0468750000000000e+01,3.3750000000000000e+02,1.1514656774936073e-01
6.0468750000000000e+01,3.4875000000000000e+02,9.8263641599859536e-02
6.3281250000000000e+01,0.0000000000000000e+00,8.2516566350470555e-02
6.3281250000000000e+01,1.1250000000000000e+01,7.5055725722627281e-02
6.3281250000000000e+01,2.2500000000000000e+01,7.3887814424942133e-02
6.3281250000000000e+01,3.3750000000000000e+01,8.0143849946651982e-02
6.3281250000000000e+01,4.5000000000000000e+01,9.4384751809599030e-02
6.3281250000000000e+01,5.6250000000000000e+01,1.1579222989451009e-01
6.3281250000000000e+01,6.7500000000000000e+01,1.4200370948518087e-01
6.3281250000000000e+01,7.8750000000000000e+01,1.6955772280768477e-01
6.3281250000000000e+01,9.0000000000000000e+01,1.9423174946568963e-01
6.3281250000000000e+01,1.0125000000000000e+02,2.1070978105338822e-01
6.3281250000000000e+01,1.1250000000000000e+02,2.1096431735819204e-01
6.3281250000000000e+01,1.2375000000000000e+02,1.7965556204330646e-01
6.3281250000000000e+01,1.3500000000000000e+02,8.5071964257842136e-02
6.3281250000000000e+01,1.4625000000000000e+02,-9.8384641094854036e-02
6.3281250000000000e+01,1.5750000000000000e+02,-2.6705447345427386e-01
6.3281250000000000e+01,1.6875000000000000e+02,-3.3308855262651949e-01
6.3281250000000000e+01,1.8000000000000000e+02,-3.4157269776149629e-01
6.3281250000000000e+01,1.9125000000000000e+02,-3.2654601714536557e-01
6.3281250000000000e+01,2.0250000000000000e+02,-3.0041297253587690e-01
6.3281250000000000e+01,2.1375000000000000e+02,-2.6831941726010322e-01
6.3281250000000000e+01,2.2500000000000000e+02,-2.3306025916927295e-01
6.3281250000000000e+01,2.3625000000000000e+02,-1.9635216199047589e-01
6.3281250000000000e+01,2.4750000000000000e+02,-1.5910063073747926e-01
6.3281250000000000e+01,2.5875000000000000e+02,-1.2139494226768985e-01
6.3281250000000000e+01,2.7000000000000000e+02,-8.2480729124432092e-02
6.3281250000000000e+01,2.8125000000000000e+02,-4.0773612181198418e-02
6.3281250000000000e+01,2.9250000000000000e+02,5.8548271878031896e-03
6.3281250000000000e+01,3.0375000000000000e+02,5.7431028508857514e-02
6.3281250000000000e+01,3.1500000000000000e+02,1.0226578181504438e-01
6.3281250000000000e+01,3.2625000000000000e+02,1.1867808432835319e-01
6.3281250000000000e+01,3.3750000000000000e+02,1.1009257615723064e-01
6.3281250000000000e+01,3.4875000000000000e+02,9.5053832160792745e-02
6.6093750000000000e+01,0.0000000000000000e+00,8.3108866090969472e-02
6.6093750000000000e+01,1.1250000000000000e+01,7.4934760519606611e-02
6.6093750000000000e+01,2.2500000000000000e+01,7.2919804034648206e-02
6.6093750000000000e+01,3.3750000000000000e+01,7.8482180694202125e-02
6.6093750000000000e+01,4.5000000000000000e+01,9.2282554957960367e-02
6.6093750000000000e+01,5.6250000000000000e+01,1.1352500881014144e-01
6.6093750000000000e+01,6.7500000000000000e+01,1.3990812886138634e-01
6.6093750000000000e+01,7.8750000000000000e+01,1.6814933703589396e-01
6.6093750000000000e+01,9.0000000000000000e+01,1.9438653912699727e-01
6.6093750000000000e+01,1.0125000000000000e+02,2.1398568169407908e-01
6.6093750000000000e+01,1.1250000000000000e+02,2.2032529934248904e-01
6.6093750000000000e+01,1.2375000000000000e+02,2.0134527745797914e-01
6.6093750000000000e+01,1.3500000000000000e+02,1.3145263728080417e-01
6.6093750000000000e+01,1.4625000000000000e+02,-2.6205781461090705e-02
6.6093750000000000e+01,1.5750000000000000e+02,-2.1715954790640377e-01
6.6093750000000000e+01,1.6875000000000000e+02,-3.1458796533563116e-01
6.6093750000000000e+01,1.8000000000000000e+02,-3.3742879248540086e-01
6.6093750000000000e+01,1.9125000000000000e+02,-3.2872915241930906e-01
6.6093750000000000e+01,2.0250000000000000e+02,-3.0589404272224319e-01
6.6093750000000000e+01,2.1375000000000000e+02,-2.7579357407826705e-01
6.6093750000000000e+01,2.2500000000000000e+02,-2.4189449114784711e-01
6.6093750000000000e+01,2.3625000000000000e+02,-2.0622645960502806e-01
6.6093750000000000e+01,2.4750000000000000e+02,-1.6985595754337907e-01
6.6093750000000000e+01,2.5875000000000000e+02,-1.3296881075685490e-01
6.6093750000000000e+01,2.7000000000000000e+02,-9.4910685342337806e-02
6.6093750000000000e+01,2.8125000000000000e+02,-5.4271252812137391e-02
6.6093750000000000e+01,2.9250000000000000e+02,-9.1486995464267300e-03
6.6093750000000000e+01,3.0375000000000000e+02,4.0922420561137485e-02
6.6093750000000000e+01,3.1500000000000000e+02,8.7523292665407051e-02
6.6093750000000000e+01,3.2625000000000000e+02,1.1102189387561495e-01
6.6093750000000000e+01,3.3750000000000000e+02,1.0842160056835617e-01
6.6093750000000000e+01,3.4875000000000000e+02,9.5578353805888333e-02
6.8906250000000000e+01,0.0000000000000000e+00,8.1488498523579159e-02
6.8906250000000000e+01,1.1250000000000000e+01,7.2840284371198050e-02
6.8906250000000000e+01,2.2500000000000000e+01,7.0127613402676203e-02
6.8906250000000000e+01,3.3750000000000000e+01,7.5108150634007748e-02
6.8906250000000000e+01,4.5000000000000000e+01,8.8600429335089229e-02
6.8906250000000000e+01,5.6250000000000000e+01,1.0985281417034559e-01
6.8906250000000000e+01,6.7500000000000000e+01,1.3659555001884946e-01
6.8906250000000000e+01,7.8750000000000000e+01,1.6565385650044162e-01
6.8906250000000000e+01,9.0000000000000000e+01,1.9342668635539148e-01
6.8906250000000000e+01,1.0125000000000000e+02,2.1582591769357684e-01
6.8906250000000000e+01,1.1250000000000000e+02,2.2736431644653674e-01
6.8906250000000000e+01,1.2375000000000000e+02,2.1855840545197949e-01
6.8906250000000000e+01,1.3500000000000000e+02,1.6939723891371633e-01
6.8906250000000000e+01,1.4625000000000000e+02,4.2447051406706952e-02
6.8906250000000000e+01,1.5750000000000000e+02,-1.5437844894608319e-01
6.8906250000000000e+01,1.6875000000000000e+02,-2.8714083114107986e-01
6.8906250000000000e+01,1.8000000000000000e+02,-3.2913893756045720e-01
6.8906250000000000e+01,1.9125000000000000e+02,-3.2868984447894767e-01
6.8906250000000000e+01,2.0250000000000000e+02,-3.0995508323450160e-01
6.8906250000000000e+01,2.1375000000000000e+02,-2.8222949721199814e-01
6.8906250000000000e+01,2.2500000000000000e+02,-2.4985709043107740e-01
6.8906250000000000e+01,2.3625000000000000e+02,-2.1523661998200164e-01
6.8906250000000000e+01,2.4750000000000000e+02,-1.7961352956255877e-01
6.8906250000000000e+01,2.5875000000000000e+02,-1.4328475459083267e-01
6.8906250000000000e+01,2.7000000000000000e+02,-1.0571604984970265e-01
6.8906250000000000e+01,2.8125000000000000e+02,-6.5702456088515507e-02
6.8906250000000000e+01,2.9250000000000000e+02,-2.1659874034437702e-02
6.8906250000000000e+01,3.0375000000000000e+02,2.6880524654652290e-02
6.8906250000000000e+01,3.1500000000000000e+02,7.3560895412509320e-02
6.8906250000000000e+01,3.2625000000000000e+02,1.0150638460275674e-01
6.8906250000000000e+01,3.3750000000000000e+02,1.0401560802160086e-01
6.8906250000000000e+01,3.4875000000000000e+02,9.3565098922213180e-02
7.1718750000000000e+01,0.0000000000000000e+00,7.3187293679186000e-02
7.1718750000000000e+01,1.1250000000000000e+01,6.4849627542055158e-02
7.1718750000000000e+01,2.2500000000000000e+01,6.2344978445498023e-02
7.1718750000000000e+01,3.3750000000000000e+01,6.7756887149054965e-02
7.1718750000000000e+01,4.5000000000000000e+01,8.1990855727758105e-02
7.1718750000000000e+01,5.6250000000000000e+01,1.0419547156410632e-01
7.1718750000000000e+01,6.7500000000000000e+01,1.3199444969102578e-01
7.1718750000000000e+01,7.8750000000000000e+01,1.6225015931518319e-01
7.1718750000000000e+01,9.0000000000000000e+01,1.9160506699261859e-01
7.1718750000000000e+01,1.0125000000000000e+02,2.1649208860663252e-01
7.1718750000000000e+01,1.1250000000000000e+02,2.3241407965891811e-01
7.1718750000000000e+01,1.2375000000000000e+02,2.3194227316500504e-01
7.1718750000000000e+01,1.3500000000000000e+02,1.9968956954627293e-01
7.1718750000000000e+01,1.4625000000000000e+02,1.0296612137042656e-01
7.1718750000000000e+01,1.5750000000000000e+02,-8.1974359831761490e-02
7.1718750000000000e+01,1.6875000000000000e+02,-2.4860873512377440e-01
7.1718750000000000e+01,1.8000000000000000e+02,-3.1561881947319692e-01
7.1718750000000000e+01,1.9125000000000000e+02,-3.2603893348569896e-01
7.1718750000000000e+01,2.0250000000000000e+02,-3.1244181348456634e-01
7.1718750000000000e+01,2.1375000000000000e+02,-2.8753763088086559e-01
7.1718750000000000e+01,2.2500000000000000e+02,-2.5686905512648350e-01
7.1718750000000000e+01,2.3625000000000000e+02,-2.2332368415755174e-01
7.1718750000000000e+01,2.4750000000000000e+02,-1.8839440915880121e-01
7.1718750000000000e+01,2.5875000000000000e+02,-1.5254776326155040e-01
7.1718750000000000e+01,2.7000000000000000e+02,-1.1543030466594180e-01
7.1718750000000000e+01,2.8125000000000000e+02,-7.6113930468724486e-02
7.1718750000000000e+01,2.9250000000000000e+02,-3.3447914746477160e-02
7.1718750000000000e+01,3.0375000000000000e+02,1.2718128964374523e-02
7.1718750000000000e+01,3.1500000000000000e+02,5.7278945663511417e-02
7.1718750000000000e+01,3.2625000000000000e+02,8.6439236572966954e-02
7.1718750000000000e+01,3.3750000000000000e+02,9.2377719864636179e-02
7.1718750000000000e+01,3.4875000000000000e+02,8.4288846213658883e-02
7.4531250000000000e+01,0.0000000000000000e+00,5.9875461090696011e-02
7.4531250000000000e+01,1.1250000000000000e+01,5.2547239394070633e-02
7.4531250000000000e+01,2.2500000000000000e+01,5.1097936636755097e-02
7.4531250000000000e+01,3.3750000000000000e+01,5.7904973805405074e-02
7.4531250000000000e+01,4.5000000000000000e+01,7.3831808328349721e-02
7.4531250000000000e+01,5.6250000000000000e+01,9.7733457332248364e-02
7.4531250000000000e+01,6.7500000000000000e+01,1.2700343042715054e-01
7.4531250000000000e+01,7.8750000000000000e+01,1.5854047064155152e-01
7.4531250000000000e+01,9.0000000000000000e+01,1.8928774186357974e-01
7.4531250000000000e+01,1.0125000000000000e+02,2.1622304255845062e-01
7.4531250000000000e+01,1.1250000000000000e+02,2.3573617726595575e-01
7.4531250000000000e+01,1.2375000000000000e+02,2.4203653176094198e-01
7.4531250000000000e+01,1.3500000000000000e+02,2.2336270602610608e-01
7.4531250000000000e+01,1.4625000000000000e+02,1.5331112418551843e-01
7.4531250000000000e+01,1.5750000000000000e+02,-6.2517258559572032e-03
7.4531250000000000e+01,1.6875000000000000e+02,-1.9732535977090621e-01
7.4531250000000000e+01,1.8000000000000000e+02,-2.9539925528506406e-01
7.4531250000000000e+01,1.9125000000000000e+02,-3.2019065495465732e-01
7.4531250000000000e+01,2.0250000000000000e+02,-3.1309513699373148e-01
7.4531250000000000e+01,2.1375000000000000e+02,-2.9158371503493574e-01
7.4531250000000000e+01,2.2500000000000000e+02,-2.6287984053784874e-01
7.4531250000000000e+01,2.3625000000000000e+02,-2.3054384132384759e-01
7.4531250000000000e+01,2.4750000000000000e+02,-1.9641086480252262e-01
7.4531250000000000e+01,2.5875000000000000e+02,-1.6118101951680108e-01
7.4531250000000000e+01,2.7000000000000000e+02,-1.2473069314526186e-01
7.4531250000000000e+01,2.8125000000000000e+02,-8.6439274840721544e-02
7.4531250000000000e+01,2.9250000000000000e+02,-4.5592283444742296e-02
7.4531250000000000e+01,3.0375000000000000e+02,-2.4042289937750523e-03
7.4531250000000000e+01,3.1500000000000000e+02,3.8864901462112370e-02
7.4531250000000000e+01,3.2625000000000000e+02,6.7258617238258142e-02
7.4531250000000000e+01,3.3750000000000000e+02,7.5319629046458531e-02
7.4531250000000000e+01,3.4875000000000000e+02,6.9515590087347118e-02
7.7343750000000000e+01,0.0000000000000000e+00,4.7179976978976697e-02
7.7343750000000000e+01,1.1250000000000000e+01,4.0994773920013383e-02
7.7343750000000000e+01,2.2500000000000000e+01,4.0689596179556531e-02
7.7343750000000000e+01,3.3750000000000000e+01,4.8952733716169601e-02
7.7343750000000000e+01,4.5000000000000000e+01,6.6562785637108171e-02
7.7343750000000000e+01,5.6250000000000000e+01,9.2010411033281503e-02
7.7343750000000000e+01,6.7500000000000000e+01,1.2245114316384269e-01
7.7343750000000000e+01,7.8750000000000000e+01,1.5487889805424834e-01
7.7343750000000000e+01,9.0000000000000000e+01,1.8658632847698478e-01
7.7343750000000000e+01,1.0125000000000000e+02,2.1507165698896819e-01
7.7343750000000000e+01,1.1250000000000000e+02,2.3747168663290605e-01
7.7343750000000000e+01,1.2375000000000000e+02,2.4926758605546376e-01
7.7343750000000000e+01,1.3500000000000000e+02,2.4144326989276690e-01
7.7343750000000000e+01,1.4625000000000000e+02,1.9349277080696634e-01
7.7343750000000000e+01,1.5750000000000000e+02,6.5612673612653993e-02
7.7343750000000000e+01,1.6875000000000000e+02,-1.3333487817610412e-01
7.7343750000000000e+01,1.8000000000000000e+02,-2.6662841590482983e-01
7.7343750000000000e+01,1.9125000000000000e+02,-3.1033064171417879e-01
7.7343750000000000e+01,2.0250000000000000e+02,-3.1157341222358870e-01
7.7343750000000000e+01,2.1375000000000000e+02,-2.9423288375819001e-01
7.7343750000000000e+01,2.2500000000000000e+02,-2.6789068309533393e-01
7.7343750000000000e+01,2.3625000000000000e+02,-2.3701620989337494e-01
7.7343750000000000e+01,2.4750000000000000e+02,-2.0387861286960496e-01
7.7343750000000000e+01,2.5875000000000000e+02,-1.6944755433610911e-01
7.7343750000000000e+01,2.7000000000000000e+02,-1.3383348456205413e-01
7.7343750000000000e+01,2.8125000000000000e+02,-9.6688284162271709e-02
7.7343750000000000e+01,2.9250000000000000e+02,-5.7631289678036740e-02
7.7343750000000000e+01,3.0375000000000000e+02,-1.7106430913460154e-02
7.7343750000000000e+01,3.1500000000000000e+02,2.1290382830095232e-02
7.7343750000000000e+01,3.2625000000000000e+02,4.8805792744087313e-02
7.7343750000000000e+01,3.3750000000000000e+02,5.8670202096420813e-02
7.7343750000000000e+01,3.4875000000000000e+02,5.5185929761655622e-02
8.0156250000000000e+01,0.0000000000000000e+00,3.8661924398176832e-02
8.0156250000000000e+01,1.1250000000000000e+01,3.3224970429052911e-02
8.0156250000000000e+01,2.2500000000000000e+01,3.3453599799794682e-02
8.0156250000000000e+01,3.3750000000000000e+01,4.2425045837952660e-02
8.0156250000000000e+01,4.5000000000000000e+01,6.0932890158070477e-02
8.0156250000000000e+01,5.6250000000000000e+01,8.7185312601881199e-02
8.0156250000000000e+01,6.7500000000000000e+01,1.1816440101021811e-01
8.0156250000000000e+01,7.8750000000000000e+01,1.5099184825292611e-01
8.0156250000000000e+01,9.0000000000000000e+01,1.8328101837090122e-01
8.0156250000000000e+01,1.0125000000000000e+02,2.1295115066260206e-01
8.0156250000000000e+01,1.1250000000000000e+02,2.3771327114356960e-01
8.0156250000000000e+01,1.2375000000000000e+02,2.5400919267355493e-01
8.0156250000000000e+01,1.3500000000000000e+02,2.5486889342407743e-01
8.0156250000000000e+01,1.4625000000000000e+02,2.2462687856904481e-01
8.0156250000000000e+01,1.5750000000000000e+02,1.2832397246290031e-01
8.0156250000000000e+01,1.6875000000000000e+02,-5.9744908365812345e-02
8.0156250000000000e+01,1.8000000000000000e+02,-2.2728017301208972e-01
8.0156250000000000e+01,1.9125000000000000e+02,-2.9538426263084716e-01
8.0156250000000000e+01,2.0250000000000000e+02,-3.0745103768201482e-01
8.0156250000000000e+01,2.1375000000000000e+02,-2.9533945716575821e-01
8.0156250000000000e+01,2.2500000000000000e+02,-2.7189914909078194e-01
8.0156250000000000e+01,2.3625000000000000e+02,-2.4280427294241783e-01
8.0156250000000000e+01,2.4750000000000000e+02,-2.1084682096173682e-01
8.0156250000000000e+01,2.5875000000000000e+02,-1.7728103202150247e-01
8.0156250000000000e+01,2.7000000000000000e+02,-1.4242910233995248e-01
8.0156250000000000e+01,2.8125000000000000e+02,-1.0615793529828228e-01
8.0156250000000000e+01,2.9250000000000000e+02,-6.8316823988347056e-02
8.0156250000000000e+01,3.0375000000000000e+02,-2.9469371847014265e-02
8.0156250000000000e+01,3.1500000000000000e+02,7.2763143018000544e-03
8.0156250000000000e+01,3.2625000000000000e+02,3.4659052029370828e-02
8.0156250000000000e+01,3.3750000000000000e+02,4.6431545277760410e-02
8.0156250000000000e+01,3.4875000000000000e+02,4.5210891725022059e-02
8.2968750000000000e+01,0.0000000000000000e+00,3.2338857989321651e-02
8.2968750000000000e+01,1.1250000000000000e+01,2.7143357522498784e-02
8.2968750000000000e+01,2.2500000000000000e+01,2.7285037394903136e-02
8.2968750000000000e+01,3.3750000000000000e+01,3.6313073820533011e-02
8.2968750000000000e+01,4.5000000000000000e+01,5.5170476614873155e-02
8.2968750000000000e+01,5.6250000000000000e+01,8.1853451995020546e-02
8.2968750000000000e+01,6.7500000000000000e+01,1.1316396769892813e-01
8.2968750000000000e+01,7.8750000000000000e+01,1.4629875057888295e-01
8.2968750000000000e+01,9.0000000000000000e+01,1.7911001209589872e-01
8.2968750000000000e+01,1.0125000000000000e+02,2.0983232954219022e-01
8.2968750000000000e+01,1.1250000000000000e+02,2.3661396507908233e-01
8.2968750000000000e+01,1.2375000000000000e+02,2.5663626783742183e-01
8.2968750000000000e+01,1.3500000000000000e+02,2.6446964194231892e-01
8.2968750000000000e+01,1.4625000000000000e+02,2.4819254386629341e-01
8.2968750000000000e+01,1.5750000000000000e+02,1.7965570286800894e-01
8.2968750000000000e+01,1.6875000000000000e+02,1.7173126654729982e-02
8.2968750000000000e+01,1.8000000000000000e+02,-1.7574098731384000e-01
8.2968750000000000e+01,1.9125000000000000e+02,-2.7396858584360945e-01
8.2968750000000000e+01,2.0250000000000000e+02,-3.0016976993671707e-01
8.2968750000000000e+01,2.1375000000000000e+02,-2.9468972095088225e-01
8.2968750000000000e+01,2.2500000000000000e+02,-2.7482246054256360e-01
8.2968750000000000e+01,2.3625000000000000e+02,-2.4784377119562453e-01
8.2968750000000000e+01,2.4750000000000000e+02,-2.1718891755649811e-01
8.2968750000000000e+01,2.5875000000000000e+02,-1.8443120642336333e-01
8.2968750000000000e+01,2.7000000000000000e+02,-1.5010613145110818e-01
8.2968750000000000e+01,2.8125000000000000e+02,-1.1428181343958146e-01
8.2968750000000000e+01,2.9250000000000000e+02,-7.7024138934798272e-02
8.2968750000000000e+01,3.0375000000000000e+02,-3.9050724492980041e-02
8.2968750000000000e+01,3.1500000000000000e+02,-3.2268636429296197e-03
8.2968750000000000e+01,3.2625000000000000e+02,2.4159662079953643e-02
8.2968750000000000e+01,3.3750000000000000e+02,3.7365358222976548e-02
8.2968750000000000e+01,3.4875000000000000e+02,3.7879909032836633e-02
8.5781250000000000e+01,0.0000000000000000e+00,2.3167179201508233e-02
8.5781250000000000e+01,1.1250000000000000e+01,1.7964142716267704e-02
8.5781250000000000e+01,2.2500000000000000e+01,1.7977877185349586e-02
8.5781250000000000e+01,3.3750000000000000e+01,2.7262360604654097e-02
8.5781250000000000e+01,4.5000000000000000e+01,4.6913227430634856e-02
8.5781250000000000e+01,5.6250000000000000e+01,7.4584033542439879e-02
8.5781250000000000e+01,6.7500000000000000e+01,1.0674123667066768e-01
8.5781250000000000e+01,7.8750000000000000e+01,1.4056371542453497e-01
8.5781250000000000e+01,9.0000000000000000e+01,1.7409966419550105e-01
8.5781250000000000e+01,1.0125000000000000e+02,2.0586959795101276e-01
8.5781250000000000e+01,1.1250000000000000e+02,2.3440770638108802e-01
8.5781250000000000e+01,1.2375000000000000e+02,2.5751091865595183e-01
8.5781250000000000e+01,1.3500000000000000e+02,2.7094529538746398e-01
8.5781250000000000e+01,1.4625000000000000e+02,2.6561701056500298e-01
8.5781250000000000e+01,1.5750000000000000e+02,2.1982693064603218e-01
8.5781250000000000e+01,1.6875000000000000e+02,9.0055869143803688e-02
8.5781250000000000e+01,1.8000000000000000e+02,-1.1191485060173043e-01
8.5781250000000000e+01,1.9125000000000000e+02,-2.4437279193809455e-01
8.5781250000000000e+01,2.0250000000000000e+02,-2.8896187492660969e-01
8.5781250000000000e+01,2.1375000000000000e+02,-2.9194573628924125e-01
8.5781250000000000e+01,2.2500000000000000e+02,-2.7646981690619421e-01
8.5781250000000000e+01,2.3625000000000000e+02,-2.5197624397478824e-01
8.5781250000000000e+01,2.4750000000000000e+02,-2.2274021049644530e-01
8.5781250000000000e+01,2.5875000000000000e+02,-1.9074418033184462e-01
8.5781250000000000e+01,2.7000000000000000e+02,-1.5679574769132412e-01
8.5781250000000000e+01,2.8125000000000000e+02,-1.2122040355458011e-01
8.5781250000000000e+01,2.9250000000000000e+02,-8.4379282031719696e-02
8.5781250000000000e+01,3.0375000000000000e+02,-4.7272252372312064e-02
8.5781250000000000e+01,3.1500000000000000e+02,-1.2736773189370817e-02
8.5781250000000000e+01,3.2625000000000000e+02,1.3690487895624366e-02
8.5781250000000000e+01,3.3750000000000000e+02,2.7022205133928369e-02
8.5781250000000000e+01,3.4875000000000000e+02,2.8253596614083908e-02
8.8593750000000000e+01,0.0000000000000000e+00,8.6108135980059453e-03
8.8593750000000000e+01,1.1250000000000000e+01,3.4400754867711146e-03
8.8593750000000000e+01,2.2500000000000000e+01,3.7749377001789152e-03
8.8593750000000000e+01,3.3750000000000000e+01,1.4176264836332473e-02
8.8593750000000000e+01,4.5000000000000000e+01,3.5741559660449299e-02
8.8593750000000000e+01,5.6250000000000000e+01,6.5454445279011356e-02
8.8593750000000000e+01,6.7500000000000000e+01,9.9219780414380759e-02
8.8593750000000000e+01,7.8750000000000000e+01,1.3416160752316938e-01
8.8593750000000000e+01,9.0000000000000000e+01,1.6857353412520196e-01
8.8593750000000000e+01,1.0125000000000000e+02,2.0131445493654213e-01
8.8593750000000000e+01,1.1250000000000000e+02,2.3131537105380856e-01
8.8593750000000000e+01,1.2375000000000000e+02,2.5692001427530026e-01
8.8593750000000000e+01,1.3500000000000000e+02,2.7484369230439887e-01
8.8593750000000000e+01,1.4625000000000000e+02,2.7810617114095271e-01
8.8593750000000000e+01,1.5750000000000000e+02,2.5028249133908220e-01
8.8593750000000000e+01,1.6875000000000000e+02,1.5334853814489724e-01
8.8593750000000000e+01,1.8000000000000000e+02,-3.8528047867984680e-02
8.8593750000000000e+01,1.9125000000000000e+02,-2.0469694413696943e-01
8.8593750000000000e+01,2.0250000000000000e+02,-2.7278324750450217e-01
8.8593750000000000e+01,2.1375000000000000e+02,-2.8662521080798825e-01
8.8593750000000000e+01,2.2500000000000000e+02,-2.7657571297162137e-01
8.8593750000000000e+01,2.3625000000000000e+02,-2.5503994970554522e-01
8.8593750000000000e+01,2.4750000000000000e+02,-2.2743553453362642e-01
8.8593750000000000e+01,2.5875000000000000e+02,-1.9630333496222369e-01
8.8593750000000000e+01,2.7000000000000000e+02,-1.6282506314715620e-01
8.8593750000000000e+01,2.8125000000000000e+02,-1.2767099886151687e-01
8.8593750000000000e+01,2.9250000000000000e+02,-9.1585165319329226e-02
8.8593750000000000e+01,3.0375000000000000e+02,-5.5935571762021200e-02
8.8593750000000000e+01,3.1500000000000000e+02,-2.3603936407343346e-02
8.8593750000000000e+01,3.2625000000000000e+02,6.0425539233700646e-04
8.8593750000000000e+01,3.3750000000000000e+02,1.2703088384532039e-02
8.8593750000000000e+01,3.4875000000000000e+02,1.3668696926175129e-02